{
  "id": "1654283",
  "name": "myblog",
  "font_family": "iconfont",
  "css_prefix_text": "icon",
  "description": "",
  "glyphs": [
    {
      "icon_id": "4503681",
      "name": "left",
      "font_class": "left",
      "unicode": "e6cb",
      "unicode_decimal": 59083
    },
    {
      "icon_id": "10666917",
      "name": "成功",
      "font_class": "chenggong",
      "unicode": "e671",
      "unicode_decimal": 58993
    },
    {
      "icon_id": "11267679",
      "name": "right",
      "font_class": "right1",
      "unicode": "e62e",
      "unicode_decimal": 58926
    },
    {
      "icon_id": "363282",
      "name": "search",
      "font_class": "search1",
      "unicode": "e600",
      "unicode_decimal": 58880
    },
    {
      "icon_id": "6400858",
      "name": "search",
      "font_class": "search2",
      "unicode": "e73d",
      "unicode_decimal": 59197
    },
    {
      "icon_id": "11835371",
      "name": "search",
      "font_class": "search",
      "unicode": "e62c",
      "unicode_decimal": 58924
    },
    {
      "icon_id": "11749408",
      "name": "心",
      "font_class": "xin",
      "unicode": "e66d",
      "unicode_decimal": 58989
    },
    {
      "icon_id": "333006",
      "name": "登录 用户",
      "font_class": "icon",
      "unicode": "e61c",
      "unicode_decimal": 58908
    },
    {
      "icon_id": "749770",
      "name": "注册",
      "font_class": "zhuce",
      "unicode": "e607",
      "unicode_decimal": 58887
    },
    {
      "icon_id": "827650",
      "name": "评论",
      "font_class": "pinglun",
      "unicode": "e664",
      "unicode_decimal": 58980
    },
    {
      "icon_id": "4427385",
      "name": "管理",
      "font_class": "tubiaozhizuomobanyihuifu-",
      "unicode": "e693",
      "unicode_decimal": 59027
    },
    {
      "icon_id": "4954951",
      "name": "首页",
      "font_class": "shouye",
      "unicode": "e65f",
      "unicode_decimal": 58975
    },
    {
      "icon_id": "6548533",
      "name": "发表",
      "font_class": "fabiao",
      "unicode": "e654",
      "unicode_decimal": 58964
    },
    {
      "icon_id": "13468935",
      "name": "关于",
      "font_class": "guanyu",
      "unicode": "e634",
      "unicode_decimal": 58932
    },
    {
      "icon_id": "6027487",
      "name": "标签",
      "font_class": "biaoqian1",
      "unicode": "e601",
      "unicode_decimal": 58881
    },
    {
      "icon_id": "6548528",
      "name": "点赞",
      "font_class": "dianzan1",
      "unicode": "e653",
      "unicode_decimal": 58963
    },
    {
      "icon_id": "8358225",
      "name": "预览",
      "font_class": "yulan",
      "unicode": "e660",
      "unicode_decimal": 58976
    },
    {
      "icon_id": "443508",
      "name": "left",
      "font_class": "552cc14536532",
      "unicode": "e61b",
      "unicode_decimal": 58907
    },
    {
      "icon_id": "887933",
      "name": "right",
      "font_class": "right",
      "unicode": "e6c6",
      "unicode_decimal": 59078
    },
    {
      "icon_id": "7239764",
      "name": "github",
      "font_class": "github",
      "unicode": "e732",
      "unicode_decimal": 59186
    },
    {
      "icon_id": "982375",
      "name": "邮箱",
      "font_class": "youxiang",
      "unicode": "e667",
      "unicode_decimal": 58983
    },
    {
      "icon_id": "579286",
      "name": "点赞",
      "font_class": "dianzan",
      "unicode": "e60c",
      "unicode_decimal": 58892
    },
    {
      "icon_id": "924665",
      "name": "标签",
      "font_class": "biaoqian",
      "unicode": "e602",
      "unicode_decimal": 58882
    },
    {
      "icon_id": "543042",
      "name": "叉",
      "font_class": "cha",
      "unicode": "e639",
      "unicode_decimal": 58937
    },
    {
      "icon_id": "592049",
      "name": "菜单",
      "font_class": "caidan",
      "unicode": "e790",
      "unicode_decimal": 59280
    },
    {
      "icon_id": "1042097",
      "name": "下",
      "font_class": "down",
      "unicode": "e635",
      "unicode_decimal": 58933
    },
    {
      "icon_id": "1301390",
      "name": "向下",
      "font_class": "xiangxia",
      "unicode": "e666",
      "unicode_decimal": 58982
    },
    {
      "icon_id": "113537",
      "name": "叹号",
      "font_class": "warn",
      "unicode": "e625",
      "unicode_decimal": 58917
    },
    {
      "icon_id": "1129607",
      "name": "锁",
      "font_class": "suo",
      "unicode": "e629",
      "unicode_decimal": 58921
    },
    {
      "icon_id": "12704986",
      "name": "用户名",
      "font_class": "yonghuming",
      "unicode": "e60a",
      "unicode_decimal": 58890
    }
  ]
}
